Al: 24.07.2025,,,,,,,,,,,,,,,,,,,,,,
,,,,,,,,,,,,,,,,,,,,,,
MALLA CURRICULAR DEL NUEVO PLAN DE ESTUDIOS 2018 DEL PROGRAMA DE INGENIERÍA AMBIENTAL,,,,,,,,,,,,,,,,,,,,,,
,TRABAJO DE INVESTIGACIÓN                    cód. 10.1/Créditos 4,,,DISEÑO DE PLANTAS DE TRATAM. DE AGUAS RESIDUALES cód. 10.2/Créditos 4,,,DISEÑO DE RELLENO SANITARIO Y DE BIOSEGURIDAD cód. 10.3/Créditos 3,,,INSTRUMENTOS DE GESTIÓN AMBIENTAL cód. 10.4/Créditos 4,,,ENERGÍAS RENOVABLES cód. 10.5/Créditos 3,,,AUDITORÍA AMBIENTAL cód. 10.6/Créditos 4,,,,,,
X,,,,,,,,,,,,,,,,,,,,,,
,,,,,,,,,,,,,,,,,,,,,,
,,4,,,4,,,3,,,4,,,3,,,4,,,,,22
,,,,,,,,,,,,,,,,,,,,,,
,INVESTIGACIÓN Y TESIS I cód. 9.1/Créditos 3,,,ING. DE PROCESOS INDUSTRIALES SOSTENIBLES cód. 9.2/Créditos 3,,,MODELAMIENTO Y SIMULACIÓN AMBIENTAL cód. 9.3/Créditos 3,,,,,,SISTEMAS INTEGRADOS DE GESTIÓN  cód. 9.4/Créditos 3,,,PRÁCTICAS PREPROFESIONALES      cód. 9.5/Créditos 10,,,,,,
IX,,,,,,,,,,,,,,,,,,,,,,
,,,,,,,,,,,,,,,,,,,,,,
,,3,,,3,,,3,,,,,,3,,,10,,,,,22
,,,,,,,,,,,,,,,,,,,,,,
,DERECHO AMBIENTAL      cód. 8.1/Créditos 3,,,BIOTECNOLOGÍA AMBIENTAL                        Cód. 8.2./Créditos 4,,,CONTROL DE LA CONTAMINACIÓN ATMOSFÉRICA cód. 8.3/Créditos 4,,,CONTAMINACIÓN Y TRATAMIENTO DE AGUA cód. 8.4/Créditos 4,,,GESTIÓN DE PROYECTOS AMBIENTALES cód. 8.5/Créditos 4,,,PLANIFICACIÓN URBANA Y ORDENAMIENTO TERRITORIAL cód. 8.6/Créditos 3,,,,,,
VIII,,,,,,,,,,,,,,,,,,,,,,
,,,,,,,,,,,,,,,,,,,,,,
,,3,,,4,,,4,,,4,,,4,,,3,,,,,22
,,,,,,,,,,,,,,,,,,,,,,
,GESTIÓN DE RIESGOS Y DESASTRES cód. 7.1/Créditos 4,,,MICROBIOLOGÍA AMBIENTAL cód. 7.2/Créditos 4,,,MANEJO INTEGRAL DE RESIDUOS SÓLIDOS cód. 7.3/Créditos 4,,,SANEAMIENTO AMBIENTAL cód. 7.4/Créditos 3,,,ECOEFICIENCIA cód. 7.5/Créditos 3,,,CARACTERIZACIÓN Y MONITOREO AMBIENTAL cód. 7.6/Créditos 4,,,,,,
VII,,,,,,,,,,,,,,,,,,,,,,
,,,,,,,,,,,,,,,,,,,,,,
,,4,,,4,,,4,,,3,,,3,,,4,,,,,22
,,,,,,,,,,,,,,,,,,,,,,
,ANÁLISIS  INSTRUMENTAL cód. 6.1/Créditos 4,,,CONTAMINACIÓN Y REMEDIACIÓN DE SUELOS cód. 6.2 / Créditos 4,,,HIDROLOGÍA Y GESTIÓN DE CUENCAS HIDROGRÁFICAS cód. 6.3 / Créditos 3,,,SEGURIDAD E HIGIENE INDUSTRIAL cód. 6.4/Créditos 3,,,COSTOS Y PRESUPESTOS EN INGENIERÍA AMBIENTAL cód. 6.5/Créditos 4,,,SISTEMAS DE INFORMACIÓN GEOREFERENCIADA cód. 6.6/Créditos 4,,,,,,
VI,,,,,,,,,,,,,,,,,,,,,,
,,,,,,,,,,,,,,,,,,,,,,
,,4,,,4,,,3,,,3,,,4,,,4,,,,,22
,,,,,,,,,,,,,,,,,,,,,,
,FISICOQUÍMICA cód. 5.1/Créditos 4,,,BIOQUÍMICA AMBIENTAL cód. 5.2/Créditos 4,,,MÉCANICA DE FLUIDOS cód. 5.3/Créditos 3,,,ESTADÍSTICA APLICADA cód. 5.4/Créditos 3,,,ECONOMÍA Y VALORACIÓN AMBIENTAL cód. 5.5/Créditos 4,,,CARTOGRAFÍA Y TELEDETECCIÓN cód. 5.6/Créditos 4,,,,,,
V,,,,,,,,,,,,,,,,,,,,,,
,,,,,,,,,,,,,,,,,,,,,,
,,4,,,4,,,3,,,3,,,4,,,4,,,,,22
,,,,,,,,,,,,,,,,,,,,,,
,QUÍMICA ANALÍTICA cód. 4.1/Créditos 4,,,EDAFOLOGÍA Y GEOMORFOLOGÍA cód. 4.2/Créditos 4,,,FENOMENOS DE TRANSPORTE cód. 4.3/Créditos 4,,,BALANCE DE MATERIA Y ENERGÍA cód. 4.4/Créditos 4,,,METEROLOGÍA Y CLIMATOLOGÍA cód. 4.5/Créditos 3,,,DISEÑO ASISTIDO POR COMPUTADORA cód. 4.6/Créditos 3,,,,,,
IV,,,,,,,,,,,,,,,,,,,,,,
,,,,,,,,,,,,,,,,,,,,,,
,,4,,,4,,,4,,,4,,,3,,,3,,,,,22
,,,,,,,,,,,,,,,,,,,,,,
,QUÍMICA AMBIENTAL cód. 3.1/Créditos 5,,,"ECOLOGÍA, BIODIVERSIDAD Y RECURSOS NATURALES cód. 3.2 / Créditos 4",,,FÍSICA GENERAL cód. 3.3/Créditos 4,,,METODOLOGÍA DE LA INVESTIGACIÓN CIENTÍFICA cód. 3.4 / Créditos 3,,,MÉTODOS NUMÉRICOS      cód. 3.5 / Créditos 3,,,TOPOGRAFA APLICADA A LA INGENIERÍA AMBIENTAL cód. 3.6 / Créditos 3,,,,,,
III,,,,,,,,,,,,,,,,,,,,,,
,,,,,,,,,,,,,,,,,,,,,,
,,5,,,4,,,4,,,3,,,3,,,3,,,,,22
,,,,,,,,,,,,,,,,,,,,,,
,QUÍMICA ORGÁNICA cód 2.1/Créditos 4,,,BIOLOGÍA GENERAL cód. 2.2 / Créditos 4,,,"SOCIEDAD, CULTURA Y ECOLOGÍA cód. 2.3 / Créditos 3",,,"ÉTICA, CONVIVENCIA HUMANA Y CIUDADANÍA cód. 2.4 / Créditos 3",,,ANÁLISIS MATEMÁTICO cód. 2.5 / Créditos 4,,,CULTURA INVESTIGATIVA Y PENSAMIENTO CRITICO cód. 2.6 / Créditos 3,,,TALLER EG2 cód. 2.7 a 2.9 créditos 1,,,
II,,,,,,,,,,,,,,,,,,,,,,
,,,,,,,,,,,,,,,,,,,,,,
,,4,,,4,,,3,,,3,,,4,,,3,,,1,,22
,,,,,,,,,,,,,,,,,,,,,,
,QUÍMICA GENERAL             cód 1.1 Créditos 4,,,INTRODUCCIÓN A LA INGENIERÍA cód 1.2   Créditos 4,,,DESARROLLO PERSONAL  cód. 1.3 / Créditos 3,,,DESARROLLO DEL PENSAMIENTO LÓGICO Y MATEMÁTICO  cód 1.4 / Créditos 3,,,INTRODUCCIÓN AL ANÁLISIS MATEMÁTICO cód. 1.5 / Créditos 4,,,LECTURA CRÍTICA Y REDACCIÓN DE TEXTOS ACADÉMICOS cód. 1.6 / Créditos 3,,,TALLER EG1 cód. 1.7 a 1.9  créditos 1,,,
I,,,,,,,,,,,,,,,,,,,,,,
,,,,,,,,,,,,,,,,,,,,,,
,,4,,,4,,,3,,,3,,,4,,,3,,,1,,22
,,,,,,,,,,,,,,,,,,,,,,220
,,,,ESTUDIOS GENERALES,,,,,,,,,,,,,,,,,,
,,,,ESTUDIOS ESPECÍFICOS,,,,,,,,,,,,,,,,,,
,,,,ESTUDIOS DE ESPECIALIDAD,,,,,,,,,,,,,,,,,,